<?xml version="1.0" encoding="UTF-8"?>
<!DOCTYPE suite SYSTEM "https://testng.org/testng-1.0.dtd">
<suite name="Suite">
<listeners> 
        <listener class-name="utilities.Listeners"/>
</listeners>
   
  <test name="Test">
  <parameter name="url" value="https://www.saucedemo.com/"></parameter>
  <parameter name="user" value="standard_user"></parameter>
  <parameter name="pass" value="secret_sauce"></parameter>
    <classes>
      <class name="mainTests.LoginLogout"/>
     
    </classes>
  </test> <!-- Test -->
</suite> <!-- Suite -->
